{
  "pred_csv": "../tables/knowledge_graph_predictions_canonical_table.csv",
  "gold_csv": "../gold/gold_test_table_dual.csv",
  "num_pred_titles": 34854,
  "num_gold_titles": 36415,
  "num_common_titles": 34854,
  "num_pred_triples": 112129,
  "num_gold_triples": 140249,
  "chrf": 60.379930112799826,
  "fuzzy_threshold": 0.78,
  "triple_level": {
    "matched": 83839,
    "pred_total": 112129,
    "gold_total": 140249,
    "precision": 0.7477013083145306,
    "recall": 0.5977867934887237,
    "f1": 0.6643923004382316
  }
}